source_province,value
Aunis,15712508.652549744
Bretagne,51916421.979429245
Champagne,11871228.808969498
Dauphiné,15873853.45880127
Flandre,17536865.0
Guyenne,152280969.94474792
Inconnu,607756.0
Languedoc,13606275.124031067
Normandie,42386036.74687195
Picardie,3664663.1906585693
Provence,121114569.77696991
