source_province,value
Aunis,28750658.19916916
Bretagne,124911570.69183731
Champagne,21529935.022943497
Dauphiné,33979992.03313446
Flandre,96860761.25
Guyenne,272983664.9349747
Inconnu,607756.0
Languedoc,30233111.473846436
Lyonnais,4556217.80014801
Normandie,158094819.74687195
Picardie,3865657.1906585693
Provence,259422497.46601868
