source_province,value
??,1487141.0
Aunis,28750658.19916916
Bourgogne,8511621.015687943
Bretagne,124911570.69183731
Champagne,13018314.007255554
Dauphiné,33979992.03313446
Dunkerque,1411503.0
Flandre,95449258.25
Franche-Comté,21703107.016410828
Guyenne,250000911.1294098
Languedoc,30233111.473846436
Le Havre,10376587.0
Lyonnais,4556217.80014801
Navarre-Béarn,22982753.80556488
Normandie,147718232.74687195
Picardie,3865657.1906585693
Provence,259422497.46601868
Île-de-France,63867.0
